Question Number,Question,A,B,C,D,Correct Option,Explanation,Topic
1,The correct expression of 6.46in the fractional form is:,64699,646401000,640100,64099,D,6.46= 6 + 0.46= 6 +46=594 + 46=640.999999,decimal-fraction
2,The fraction 10127in decimal for is:100000,.01027,.10127,101.00027,101.000027,C,10127= 101 +27= 101 + .00027 = 101.00027100000100000,decimal-fraction
3,0.0203 x 2.92= ?0.0073 x 14.5 x 0.7,0.8,1.45,2.40,3.25,A,0.0203 x 2.92=203 x 292=4= 0.80.0073 x 14.5 x 0.773 x 145 x 75,decimal-fraction
4,4.036 divided by 0.04 gives :,1.009,10.09,100.9,None of these,C,4.036=403.6= 100.90.044,decimal-fraction
5,3.87- 2.59= ?,1.20,1.2,1.27,1.28,D,3.87- 2.59= (3 + 0.87) - (2 + 0.59)=3 +87-2 +599999= 1 +87-599999= 1 +2899= 1.28.,decimal-fraction
